{"cameraMode":{"drawMode":0,"name":"Shaded","section":"Shading Mode"},"sceneLighting":true,"audioPlay":false,"sceneViewState":{"showFog":true,"showMaterialUpdate":false,"showSkybox":true,"showFlares":true,"showImageEffects":true,"showParticleSystems":true},"in2DMode":false,"pivot":{"x":0.2976827621459961,"y":-3.4345169067382814,"z":-0.47580862045288088},"rotation":{"x":0.34291499853134158,"y":0.6180083155632019,"z":-0.34229665994644167,"w":0.6191248893737793},"size":6.401880264282227,"orthographic":false}